participant_name,program_name,rating,comments,submitted_at
Alice Johnson,React Bootcamp,5,Excellent course with great hands-on projects. Loved every bit of it.,2024-01-05
Bob Smith,Python for Data Science,4,Very informative. The pandas section was particularly helpful.,2024-01-08
Carol Williams,Leadership Excellence,5,Transformed my perspective on leadership. Highly recommend!,2024-01-10
David Brown,Customer Service Training,3,Average content. Could use more real-world examples.,2024-01-12
Emma Davis,DevOps Fundamentals,5,Comprehensive coverage of CI/CD pipelines. Excellent instructor.,2024-01-15
Frank Miller,Agile & Scrum Workshop,4,Good overview of agile methodologies. Very practical.,2024-01-18
Grace Wilson,Communication Skills 101,5,My communication has improved significantly after this program.,2024-01-20
Henry Moore,Excel Advanced Techniques,4,Learned so many new Excel tricks. Very well structured.,2024-01-22
Isabella Taylor,React Bootcamp,5,Best React training I have ever attended. Worth every minute.,2024-01-25
James Anderson,Python for Data Science,3,Good content but pace was too fast for beginners.,2024-01-28
Katherine Thomas,Leadership Excellence,4,Insightful sessions. Would have liked more case studies.,2024-02-02
Liam Jackson,Customer Service Training,5,Exceptional training. Team dynamics section was outstanding.,2024-02-05
Mia White,DevOps Fundamentals,4,Solid foundation course. Docker and Kubernetes were covered well.,2024-02-08
Noah Harris,Agile & Scrum Workshop,2,Too theoretical. Needed more sprint simulations.,2024-02-10
Olivia Martin,Communication Skills 101,4,Practical exercises were very effective. Great facilitator.,2024-02-12
Patrick Garcia,Excel Advanced Techniques,5,Absolutely loved the pivot tables deep dive. Game changer!,2024-02-15
Quinn Martinez,React Bootcamp,4,Good course structure. State management could be expanded.,2024-02-18
Rachel Robinson,Python for Data Science,5,Outstanding data visualization modules. Loved the projects.,2024-02-20
Samuel Clark,Leadership Excellence,4,Very engaging workshops. Leadership simulations were powerful.,2024-02-22
Tina Rodriguez,Customer Service Training,4,Practical approach worked well. Loved the role-play exercises.,2024-02-25
Uma Lewis,DevOps Fundamentals,3,Decent intro to DevOps. Advanced topics were rushed.,2024-03-01
Victor Lee,Agile & Scrum Workshop,5,Brilliant workshop. Our team immediately applied what we learned.,2024-03-04
Wendy Walker,Communication Skills 101,3,Some modules were repetitive. Good overall though.,2024-03-06
Xander Hall,Excel Advanced Techniques,4,Macros and VBA section was very helpful for my daily work.,2024-03-08
Yara Allen,React Bootcamp,5,Hooks and context API were explained perfectly. Superb!,2024-03-10
Zachary Young,Python for Data Science,4,Great real-world examples. Scikit-learn module was fantastic.,2024-03-12
Amy Hernandez,Leadership Excellence,5,Completely changed how I approach team management.,2024-03-15
Brian King,Customer Service Training,4,The de-escalation techniques were very practical and useful.,2024-03-18
Chelsea Wright,DevOps Fundamentals,4,Good balance of theory and hands-on labs.,2024-03-20
Daniel Lopez,Agile & Scrum Workshop,5,Transformed our team's workflow. Highly recommended for managers.,2024-03-22
Emily Hill,Communication Skills 101,4,Presentation skills module was the highlight. Very practical.,2024-03-25
Francis Scott,Excel Advanced Techniques,3,Basic content for experienced Excel users. Needed more depth.,2024-03-28
Georgia Green,React Bootcamp,4,TypeScript integration section was very valuable.,2024-04-02
Harold Adams,Python for Data Science,5,Deep learning module exceeded my expectations. Excellent!,2024-04-05
Iris Baker,Leadership Excellence,4,Conflict resolution strategies were very well presented.,2024-04-08
Jack Gonzalez,Customer Service Training,5,NPS improvement techniques were eye-opening. Great program!,2024-04-10
Kelly Nelson,DevOps Fundamentals,5,Kubernetes orchestration was covered in excellent detail.,2024-04-12
Leo Carter,Agile & Scrum Workshop,4,Sprint retrospective frameworks were very actionable.,2024-04-15
Monica Mitchell,Communication Skills 101,5,My confidence in public speaking has skyrocketed. Thank you!,2024-04-18
Nathan Perez,Excel Advanced Techniques,4,Power Query section was very relevant for my work.,2024-04-20
Opal Roberts,React Bootcamp,3,Good but needs more testing coverage. Jest section was thin.,2024-04-22
Peter Turner,Python for Data Science,4,Great introduction to machine learning workflows.,2024-04-25
Queenie Phillips,Leadership Excellence,5,The coaching frameworks provided are immediately applicable.,2024-04-28
Ronald Campbell,Customer Service Training,4,Handling difficult customers module was excellent.,2024-05-01
Sophia Parker,DevOps Fundamentals,4,Infrastructure as Code section was thorough and well-paced.,2024-05-04
Thomas Evans,Agile & Scrum Workshop,3,Useful but some content was outdated. Needs refresh.,2024-05-06
Ursula Edwards,Communication Skills 101,4,Active listening exercises were transformative.,2024-05-08
Vincent Collins,Excel Advanced Techniques,5,Best Excel training I have attended in my career!,2024-05-10
Wilma Stewart,React Bootcamp,5,Redux and state management sections were phenomenal.,2024-05-12
Xavier Sanchez,Python for Data Science,4,NumPy and SciPy modules were well-structured.,2024-05-15
Yvette Morris,Leadership Excellence,4,Team motivation strategies were very practical and evidence-based.,2024-05-18
Zoe Rogers,Customer Service Training,5,Empathy mapping exercise completely changed our team approach.,2024-05-20
Aaron Reed,DevOps Fundamentals,5,Monitoring and observability section was very comprehensive.,2024-05-22
Bella Cook,Agile & Scrum Workshop,4,Sprint planning simulations were very realistic and helpful.,2024-05-25
Carlos Morgan,Communication Skills 101,4,The storytelling frameworks are immediately applicable.,2024-05-28
Diana Bell,Excel Advanced Techniques,4,Data analysis with Excel is now so much faster for me.,2024-06-01
Edward Murphy,React Bootcamp,4,Performance optimization techniques were very insightful.,2024-06-04
Fiona Bailey,Python for Data Science,5,End-to-end ML pipeline project was brilliant. Loved it!,2024-06-06
George Rivera,Leadership Excellence,3,Too focused on theory. Needed more practical leadership labs.,2024-06-08
Hannah Cooper,Customer Service Training,4,Service recovery module was very actionable and useful.,2024-06-10
Ian Richardson,DevOps Fundamentals,4,GitOps and pipeline-as-code sections were highlights.,2024-06-12
Julia Cox,Agile & Scrum Workshop,5,Kanban board simulations were incredibly engaging.,2024-06-15
Kevin Howard,Communication Skills 101,4,Negotiation skills section was a great bonus addition.,2024-06-18
Laura Ward,Excel Advanced Techniques,5,XLOOKUP and dynamic arrays section was worth the entire course.,2024-06-20
  Mark Torres  ,React Bootcamp,5,Amazing course! React 18 features were covered in depth.,2024-06-22
  Nancy Peterson  ,Python for Data Science,4,Great but would benefit from more Jupyter notebook exercises.,2024-06-25
Oliver Gray,Leadership Excellence,5,The 360-degree feedback workshop was truly eye-opening.,2024-06-28
Patricia Ramirez,Customer Service Training,4,Customer journey mapping was an excellent module.,2024-07-02
Quinton James,DevOps Fundamentals,4,Terraform and Ansible sections were very hands-on.,2024-07-05
Rebecca Watson,Agile & Scrum Workshop,5,Best agile training in the market. No comparison!,2024-07-08
Steven Brooks,Communication Skills 101,3,Good content but sessions ran too long. Better pacing needed.,2024-07-10
Teresa Kelly,Excel Advanced Techniques,4,Conditional formatting deep dive was excellent.,2024-07-12
Ulrich Sanders,React Bootcamp,4,Server components and SSR concepts were very well explained.,2024-07-15
Valerie Price,Python for Data Science,5,The capstone project tied everything together beautifully.,2024-07-18
Walter Bennett,Leadership Excellence,4,Strategic planning frameworks are now part of our team toolkit.,2024-07-20
Xena Wood,Customer Service Training,5,Customer success metrics module was outstanding.,2024-07-22
Yusuf Barnes,DevOps Fundamentals,3,Good intro but Docker networking was confusing.,2024-07-25
Zelda Ross,Agile & Scrum Workshop,4,Definition of Done workshop was very practical.,2024-07-28
Alice Johnson,React Bootcamp,5,Excellent course with great hands-on projects. Loved every bit of it.,2024-01-05
Bob Smith,Python for Data Science,4,Very informative. The pandas section was particularly helpful.,2024-01-08
Carol Williams,Leadership Excellence,5,Transformed my perspective on leadership. Highly recommend!,2024-01-10
David Brown,Customer Service Training,3,Average content. Could use more real-world examples.,2024-01-12
Emma Davis,DevOps Fundamentals,5,Comprehensive coverage of CI/CD pipelines. Excellent instructor.,2024-01-15
Frank Miller,Agile & Scrum Workshop,4,Good overview of agile methodologies. Very practical.,2024-01-18
Grace Wilson,Communication Skills 101,5,My communication has improved significantly after this program.,2024-01-20
Henry Moore,Excel Advanced Techniques,4,Learned so many new Excel tricks. Very well structured.,2024-01-22
Amanda Foster,React Bootcamp,6,Great course but rating system seems off here.,2024-08-02
Brett Simmons,Python for Data Science,0,Poorly structured. Rating is zero out of five.,2024-08-05
Cindy Alexander,Leadership Excellence,99,Exceptional beyond all measures.,2024-08-08
Derek Hudson,Customer Service Training,-1,Negative experience unfortunately.,2024-08-10
Elaine Griffin,DevOps Fundamentals,N/A,Could not rate this course properly.,2024-08-12
Freddie Watts,Agile & Scrum Workshop,five,Excellent workshop overall.,2024-08-15
Gina Perkins,Communication Skills 101,4.5,Very good course. Almost perfect.,2024-08-18
Harold Higgins,Excel Advanced Techniques,3.7,Decent but not outstanding.,2024-08-20
,React Bootcamp,4,Great course but submitter name missing.,2024-08-22
,Python for Data Science,5,Loved it! No name provided.,2024-08-25
,Leadership Excellence,3,Average quality this time.,2024-08-28
,Customer Service Training,4,Good content overall.,2024-08-30
Irene Vargas,,5,Outstanding training but program name left blank.,2024-09-02
Jason Chambers,,4,Good session. Program name not recorded.,2024-09-05
Karen Owen,,3,Average experience here.,2024-09-08
Luke Patterson,DevOps Fundamentals,4,Hands-on labs were excellent and very well-timed.,2024-09-10
Marie Quinn,Agile & Scrum Workshop,5,Scrum simulation was the best part of the entire workshop.,2024-09-12
Nelson Russell,Communication Skills 101,4,Vocal delivery exercises transformed my presentations.,2024-09-15
Oona Griffiths,Excel Advanced Techniques,5,Get and Transform (Power Query) section was a revelation.,2024-09-18
Paul Hicks,React Bootcamp,4,Error boundaries and Suspense were explained very clearly.,2024-09-20
Rosa Dunn,Python for Data Science,5,NLP module was fantastic. Spacy integration was great.,2024-09-22
Samuel Clark,Leadership Excellence,4,Very engaging workshops. Leadership simulations were powerful.,2024-09-25
Tanya Medina,Customer Service Training,5,Customer retention strategies module was outstanding.,2024-09-28
Ulrich Sanders,React Bootcamp,4,Server components and SSR concepts were very well explained.,2024-07-15
Victor Lee,Agile & Scrum Workshop,5,Brilliant workshop. Our team immediately applied what we learned.,2024-03-04
Wendy Walker,Communication Skills 101,3,Some modules were repetitive. Good overall though.,2024-03-06
Xavier Young,DevOps Fundamentals,5,Prometheus and Grafana monitoring module was excellent.,2024-10-02
Yolanda Brooks,Agile & Scrum Workshop,4,Product backlog refinement techniques were very actionable.,2024-10-05
Zachary Price,Communication Skills 101,5,The interpersonal skills section completely changed my approach.,2024-10-08
Andre Castro,Excel Advanced Techniques,4,Advanced charting techniques module was very comprehensive.,2024-10-10
Bianca Greene,React Bootcamp,5,Testing with React Testing Library was covered perfectly.,2024-10-12
Connor Burke,Python for Data Science,4,Time series analysis module was excellent and very practical.,2024-10-15
Denise Fowler,Leadership Excellence,5,Executive presence workshop was transformative and inspiring.,2024-10-18
Eliot Barker,Customer Service Training,4,Customer feedback loop module was very actionable.,2024-10-20
Francesca Doyle,DevOps Fundamentals,4,Multi-cloud strategy section was very timely and relevant.,2024-10-22
Gordon Parsons,Agile & Scrum Workshop,5,Value stream mapping session was an absolute eye-opener.,2024-10-25
Hazel Sutton,Communication Skills 101,4,Written communication module was excellent for my email skills.,Oct 28 2024
Ignacio Walsh,Excel Advanced Techniques,3,Good but lacked advanced financial modeling content.,11/02/2024
Jasmine Cunningham,React Bootcamp,5,Zustand and Jotai comparison was very insightful and timely.,11/05/2024
Kyle Arnold,Python for Data Science,4,Feature engineering workflows were very well structured.,11/08/2024
Loretta Bishop,Leadership Excellence,5,Situational leadership model session was outstanding.,11/10/2024
Mario Carr,Customer Service Training,4,Social media customer service module was very current.,11/12/2024
Nina Fleming,DevOps Fundamentals,5,Security DevOps integration section was very comprehensive.,11/15/2024
Oscar Graham,Agile & Scrum Workshop,4,Definition of Ready workshop changed our sprint planning.,11/18/2024
Penelope Hart,Communication Skills 101,5,Crisis communication module was excellent and very timely.,11/20/2024
Quinton James,DevOps Fundamentals,4,Terraform and Ansible sections were very hands-on.,2024-07-05
Rosalie Ingram,Excel Advanced Techniques,4,Dashboard design principles section was very polished.,11/25/2024
Stanford Jensen,React Bootcamp,4,React Query and data fetching patterns were well-covered.,11/28/2024
Tabitha Klein,Python for Data Science,5,Deploying ML models with FastAPI was a brilliant bonus!,12-01-2024
Umberto Lane,Leadership Excellence,4,The GROW coaching model was very effectively demonstrated.,12-04-2024
Vivienne Moon,Customer Service Training,5,Journey mapping workshop was the best part of the program.,12-06-2024
Warren Nash,DevOps Fundamentals,4,Chaos engineering introduction was very thought-provoking.,12-08-2024
Xiomara Ortiz,Agile & Scrum Workshop,5,Scaled Agile Framework overview was very relevant for us.,12-10-2024
Yolanda Brooks,Agile & Scrum Workshop,4,Product backlog refinement techniques were very actionable.,2024-10-05
Zara Patel,Communication Skills 101,4,Cross-cultural communication module was very enriching.,12-15-2024
